{"32":{"u":0.8294528722763062,"v":0.15234375,"w":0.08294528722763062,"h":0.076171875,"vx":0,"vy":0,"vw":42.467987060546875,"vh":39},"33":{"u":0,"v":0,"w":0.08294528722763062,"h":0.076171875,"vx":0,"vy":0,"vw":42.467987060546875,"vh":39},"34":{"u":0.08294528722763062,"v":0,"w":0.08294528722763062,"h":0.076171875,"vx":0,"vy":0,"vw":42.467987060546875,"vh":39},"35":{"u":0.16589057445526123,"v":0,"w":0.08294528722763062,"h":0.076171875,"vx":0,"vy":0,"vw":42.467987060546875,"vh":39},"36":{"u":0.24883586168289185,"v":0,"w":0.08294528722763062,"h":0.076171875,"vx":0,"vy":0,"vw":42.467987060546875,"vh":39},"37":{"u":0.33178114891052246,"v":0,"w":0.08294528722763062,"h":0.076171875,"vx":0,"vy":0,"vw":42.467987060546875,"vh":39},"38":{"u":0.4147264361381531,"v":0,"w":0.08294528722763062,"h":0.076171875,"vx":0,"vy":0,"vw":42.467987060546875,"vh":39},"39":{"u":0.4976717233657837,"v":0,"w":0.08294528722763062,"h":0.076171875,"vx":0,"vy":0,"vw":42.467987060546875,"vh":39},"40":{"u":0.5806170105934143,"v":0,"w":0.08294528722763062,"h":0.076171875,"vx":0,"vy":0,"vw":42.467987060546875,"vh":39},"41":{"u":0.6635622978210449,"v":0,"w":0.08294528722763062,"h":0.076171875,"vx":0,"vy":0,"vw":42.467987060546875,"vh":39},"42":{"u":0.7465075850486755,"v":0,"w":0.08294528722763062,"h":0.076171875,"vx":0,"vy":0,"vw":42.467987060546875,"vh":39},"43":{"u":0.8294528722763062,"v":0,"w":0.08294528722763062,"h":0.076171875,"vx":0,"vy":0,"vw":42.467987060546875,"vh":39},"44":{"u":0,"v":0.076171875,"w":0.08294528722763062,"h":0.076171875,"vx":0,"vy":0,"vw":42.467987060546875,"vh":39},"45":{"u":0.16589057445526123,"v":0.076171875,"w":0.08294528722763062,"h":0.076171875,"vx":0,"vy":0,"vw":42.467987060546875,"vh":39},"46":{"u":0.08294528722763062,"v":0.076171875,"w":0.08294528722763062,"h":0.076171875,"vx":0,"vy":0,"vw":42.467987060546875,"vh":39},"47":{"u":0.4147264361381531,"v":0.076171875,"w":0.08294528722763062,"h":0.076171875,"vx":0,"vy":0,"vw":42.467987060546875,"vh":39},"48":{"u":0,"v":0.228515625,"w":0.08294528722763062,"h":0.076171875,"vx":0,"vy":0,"vw":42.467987060546875,"vh":39},"49":{"u":0.08294528722763062,"v":0.228515625,"w":0.08294528722763062,"h":0.076171875,"vx":0,"vy":0,"vw":42.467987060546875,"vh":39},"50":{"u":0.16589057445526123,"v":0.228515625,"w":0.08294528722763062,"h":0.076171875,"vx":0,"vy":0,"vw":42.467987060546875,"vh":39},"51":{"u":0.24883586168289185,"v":0.228515625,"w":0.08294528722763062,"h":0.076171875,"vx":0,"vy":0,"vw":42.467987060546875,"vh":39},"52":{"u":0.33178114891052246,"v":0.228515625,"w":0.08294528722763062,"h":0.076171875,"vx":0,"vy":0,"vw":42.467987060546875,"vh":39},"53":{"u":0.4147264361381531,"v":0.228515625,"w":0.08294528722763062,"h":0.076171875,"vx":0,"vy":0,"vw":42.467987060546875,"vh":39},"54":{"u":0.4976717233657837,"v":0.228515625,"w":0.08294528722763062,"h":0.076171875,"vx":0,"vy":0,"vw":42.467987060546875,"vh":39},"55":{"u":0.5806170105934143,"v":0.228515625,"w":0.08294528722763062,"h":0.076171875,"vx":0,"vy":0,"vw":42.467987060546875,"vh":39},"56":{"u":0.6635622978210449,"v":0.228515625,"w":0.08294528722763062,"h":0.076171875,"vx":0,"vy":0,"vw":42.467987060546875,"vh":39},"57":{"u":0.7465075850486755,"v":0.228515625,"w":0.08294528722763062,"h":0.076171875,"vx":0,"vy":0,"vw":42.467987060546875,"vh":39},"58":{"u":0.4976717233657837,"v":0.076171875,"w":0.08294528722763062,"h":0.076171875,"vx":0,"vy":0,"vw":42.467987060546875,"vh":39},"59":{"u":0.5806170105934143,"v":0.076171875,"w":0.08294528722763062,"h":0.076171875,"vx":0,"vy":0,"vw":42.467987060546875,"vh":39},"60":{"u":0.6635622978210449,"v":0.076171875,"w":0.08294528722763062,"h":0.076171875,"vx":0,"vy":0,"vw":42.467987060546875,"vh":39},"61":{"u":0.7465075850486755,"v":0.076171875,"w":0.08294528722763062,"h":0.076171875,"vx":0,"vy":0,"vw":42.467987060546875,"vh":39},"62":{"u":0.8294528722763062,"v":0.076171875,"w":0.08294528722763062,"h":0.076171875,"vx":0,"vy":0,"vw":42.467987060546875,"vh":39},"63":{"u":0,"v":0.15234375,"w":0.08294528722763062,"h":0.076171875,"vx":0,"vy":0,"vw":42.467987060546875,"vh":39},"64":{"u":0.08294528722763062,"v":0.15234375,"w":0.08294528722763062,"h":0.076171875,"vx":0,"vy":0,"vw":42.467987060546875,"vh":39},"65":{"u":0.24883586168289185,"v":0.45703125,"w":0.08294528722763062,"h":0.076171875,"vx":0,"vy":0,"vw":42.467987060546875,"vh":39},"66":{"u":0.33178114891052246,"v":0.45703125,"w":0.08294528722763062,"h":0.076171875,"vx":0,"vy":0,"vw":42.467987060546875,"vh":39},"67":{"u":0.4147264361381531,"v":0.45703125,"w":0.08294528722763062,"h":0.076171875,"vx":0,"vy":0,"vw":42.467987060546875,"vh":39},"68":{"u":0.4976717233657837,"v":0.45703125,"w":0.08294528722763062,"h":0.076171875,"vx":0,"vy":0,"vw":42.467987060546875,"vh":39},"69":{"u":0.5806170105934143,"v":0.45703125,"w":0.08294528722763062,"h":0.076171875,"vx":0,"vy":0,"vw":42.467987060546875,"vh":39},"70":{"u":0.6635622978210449,"v":0.45703125,"w":0.08294528722763062,"h":0.076171875,"vx":0,"vy":0,"vw":42.467987060546875,"vh":39},"71":{"u":0.7465075850486755,"v":0.45703125,"w":0.08294528722763062,"h":0.076171875,"vx":0,"vy":0,"vw":42.467987060546875,"vh":39},"72":{"u":0.8294528722763062,"v":0.45703125,"w":0.08294528722763062,"h":0.076171875,"vx":0,"vy":0,"vw":42.467987060546875,"vh":39},"73":{"u":0,"v":0.533203125,"w":0.08294528722763062,"h":0.076171875,"vx":0,"vy":0,"vw":42.467987060546875,"vh":39},"74":{"u":0.08294528722763062,"v":0.533203125,"w":0.08294528722763062,"h":0.076171875,"vx":0,"vy":0,"vw":42.467987060546875,"vh":39},"75":{"u":0.16589057445526123,"v":0.533203125,"w":0.08294528722763062,"h":0.076171875,"vx":0,"vy":0,"vw":42.467987060546875,"vh":39},"76":{"u":0.24883586168289185,"v":0.533203125,"w":0.08294528722763062,"h":0.076171875,"vx":0,"vy":0,"vw":42.467987060546875,"vh":39},"77":{"u":0.33178114891052246,"v":0.533203125,"w":0.08294528722763062,"h":0.076171875,"vx":0,"vy":0,"vw":42.467987060546875,"vh":39},"78":{"u":0.4147264361381531,"v":0.533203125,"w":0.08294528722763062,"h":0.076171875,"vx":0,"vy":0,"vw":42.467987060546875,"vh":39},"79":{"u":0.4976717233657837,"v":0.533203125,"w":0.08294528722763062,"h":0.076171875,"vx":0,"vy":0,"vw":42.467987060546875,"vh":39},"80":{"u":0.5806170105934143,"v":0.533203125,"w":0.08294528722763062,"h":0.076171875,"vx":0,"vy":0,"vw":42.467987060546875,"vh":39},"81":{"u":0.6635622978210449,"v":0.533203125,"w":0.08294528722763062,"h":0.076171875,"vx":0,"vy":0,"vw":42.467987060546875,"vh":39},"82":{"u":0.7465075850486755,"v":0.533203125,"w":0.08294528722763062,"h":0.076171875,"vx":0,"vy":0,"vw":42.467987060546875,"vh":39},"83":{"u":0.8294528722763062,"v":0.533203125,"w":0.08294528722763062,"h":0.076171875,"vx":0,"vy":0,"vw":42.467987060546875,"vh":39},"84":{"u":0,"v":0.609375,"w":0.08294528722763062,"h":0.076171875,"vx":0,"vy":0,"vw":42.467987060546875,"vh":39},"85":{"u":0.08294528722763062,"v":0.609375,"w":0.08294528722763062,"h":0.076171875,"vx":0,"vy":0,"vw":42.467987060546875,"vh":39},"86":{"u":0.16589057445526123,"v":0.609375,"w":0.08294528722763062,"h":0.076171875,"vx":0,"vy":0,"vw":42.467987060546875,"vh":39},"87":{"u":0.24883586168289185,"v":0.609375,"w":0.08294528722763062,"h":0.076171875,"vx":0,"vy":0,"vw":42.467987060546875,"vh":39},"88":{"u":0.33178114891052246,"v":0.609375,"w":0.08294528722763062,"h":0.076171875,"vx":0,"vy":0,"vw":42.467987060546875,"vh":39},"89":{"u":0.4147264361381531,"v":0.609375,"w":0.08294528722763062,"h":0.076171875,"vx":0,"vy":0,"vw":42.467987060546875,"vh":39},"90":{"u":0.4976717233657837,"v":0.609375,"w":0.08294528722763062,"h":0.076171875,"vx":0,"vy":0,"vw":42.467987060546875,"vh":39},"91":{"u":0.4147264361381531,"v":0.15234375,"w":0.08294528722763062,"h":0.076171875,"vx":0,"vy":0,"vw":42.467987060546875,"vh":39},"92":{"u":0.24883586168289185,"v":0.076171875,"w":0.08294528722763062,"h":0.076171875,"vx":0,"vy":0,"vw":42.467987060546875,"vh":39},"93":{"u":0.4976717233657837,"v":0.15234375,"w":0.08294528722763062,"h":0.076171875,"vx":0,"vy":0,"vw":42.467987060546875,"vh":39},"94":{"u":0.6635622978210449,