{"32":{"u":0,"v":0,"w":0.08509764075279236,"h":0.078125,"vx":0,"vy":0,"vw":43.56999206542969,"vh":40},"33":{"u":0.08509764075279236,"v":0,"w":0.08509764075279236,"h":0.078125,"vx":0,"vy":0,"vw":43.56999206542969,"vh":40},"34":{"u":0.17019528150558472,"v":0,"w":0.08509764075279236,"h":0.078125,"vx":0,"vy":0,"vw":43.56999206542969,"vh":40},"35":{"u":0.2552929222583771,"v":0,"w":0.08509764075279236,"h":0.078125,"vx":0,"vy":0,"vw":43.56999206542969,"vh":40},"36":{"u":0.34039056301116943,"v":0,"w":0.08509764075279236,"h":0.078125,"vx":0,"vy":0,"vw":43.56999206542969,"vh":40},"37":{"u":0.4254882037639618,"v":0,"w":0.08509764075279236,"h":0.078125,"vx":0,"vy":0,"vw":43.56999206542969,"vh":40},"38":{"u":0.5105858445167542,"v":0,"w":0.08509764075279236,"h":0.078125,"vx":0,"vy":0,"vw":43.56999206542969,"vh":40},"39":{"u":0.5956834852695465,"v":0,"w":0.08509764075279236,"h":0.078125,"vx":0,"vy":0,"vw":43.56999206542969,"vh":40},"40":{"u":0.6807811260223389,"v":0,"w":0.08509764075279236,"h":0.078125,"vx":0,"vy":0,"vw":43.56999206542969,"vh":40},"41":{"u":0.7658787667751312,"v":0,"w":0.08509764075279236,"h":0.078125,"vx":0,"vy":0,"vw":43.56999206542969,"vh":40},"42":{"u":0.8509764075279236,"v":0,"w":0.08509764075279236,"h":0.078125,"vx":0,"vy":0,"vw":43.56999206542969,"vh":40},"43":{"u":0,"v":0.078125,"w":0.08509764075279236,"h":0.078125,"vx":0,"vy":0,"vw":43.56999206542969,"vh":40},"44":{"u":0.08509764075279236,"v":0.078125,"w":0.08509764075279236,"h":0.078125,"vx":0,"vy":0,"vw":43.56999206542969,"vh":40},"45":{"u":0.2552929222583771,"v":0.078125,"w":0.08509764075279236,"h":0.078125,"vx":0,"vy":0,"vw":43.56999206542969,"vh":40},"46":{"u":0.17019528150558472,"v":0.078125,"w":0.08509764075279236,"h":0.078125,"vx":0,"vy":0,"vw":43.56999206542969,"vh":40},"47":{"u":0.5105858445167542,"v":0.078125,"w":0.08509764075279236,"h":0.078125,"vx":0,"vy":0,"vw":43.56999206542969,"vh":40},"48":{"u":0,"v":0.234375,"w":0.08509764075279236,"h":0.078125,"vx":0,"vy":0,"vw":43.56999206542969,"vh":40},"49":{"u":0.08509764075279236,"v":0.234375,"w":0.08509764075279236,"h":0.078125,"vx":0,"vy":0,"vw":43.56999206542969,"vh":40},"50":{"u":0.17019528150558472,"v":0.234375,"w":0.08509764075279236,"h":0.078125,"vx":0,"vy":0,"vw":43.56999206542969,"vh":40},"51":{"u":0.2552929222583771,"v":0.234375,"w":0.08509764075279236,"h":0.078125,"vx":0,"vy":0,"vw":43.56999206542969,"vh":40},"52":{"u":0.34039056301116943,"v":0.234375,"w":0.08509764075279236,"h":0.078125,"vx":0,"vy":0,"vw":43.56999206542969,"vh":40},"53":{"u":0.4254882037639618,"v":0.234375,"w":0.08509764075279236,"h":0.078125,"vx":0,"vy":0,"vw":43.56999206542969,"vh":40},"54":{"u":0.5105858445167542,"v":0.234375,"w":0.08509764075279236,"h":0.078125,"vx":0,"vy":0,"vw":43.56999206542969,"vh":40},"55":{"u":0.5956834852695465,"v":0.234375,"w":0.08509764075279236,"h":0.078125,"vx":0,"vy":0,"vw":43.56999206542969,"vh":40},"56":{"u":0.6807811260223389,"v":0.234375,"w":0.08509764075279236,"h":0.078125,"vx":0,"vy":0,"vw":43.56999206542969,"vh":40},"57":{"u":0.7658787667751312,"v":0.234375,"w":0.08509764075279236,"h":0.078125,"vx":0,"vy":0,"vw":43.56999206542969,"vh":40},"58":{"u":0.5956834852695465,"v":0.078125,"w":0.08509764075279236,"h":0.078125,"vx":0,"vy":0,"vw":43.56999206542969,"vh":40},"59":{"u":0.6807811260223389,"v":0.078125,"w":0.08509764075279236,"h":0.078125,"vx":0,"vy":0,"vw":43.56999206542969,"vh":40},"60":{"u":0.7658787667751312,"v":0.078125,"w":0.08509764075279236,"h":0.078125,"vx":0,"vy":0,"vw":43.56999206542969,"vh":40},"61":{"u":0.8509764075279236,"v":0.078125,"w":0.08509764075279236,"h":0.078125,"vx":0,"vy":0,"vw":43.56999206542969,"vh":40},"62":{"u":0,"v":0.15625,"w":0.08509764075279236,"h":0.078125,"vx":0,"vy":0,"vw":43.56999206542969,"vh":40},"63":{"u":0.08509764075279236,"v":0.15625,"w":0.08509764075279236,"h":0.078125,"vx":0,"vy":0,"vw":43.56999206542969,"vh":40},"64":{"u":0.17019528150558472,"v":0.15625,"w":0.08509764075279236,"h":0.078125,"vx":0,"vy":0,"vw":43.56999206542969,"vh":40},"65":{"u":0.2552929222583771,"v":0.46875,"w":0.08509764075279236,"h":0.078125,"vx":0,"vy":0,"vw":43.56999206542969,"vh":40},"66":{"u":0.34039056301116943,"v":0.46875,"w":0.08509764075279236,"h":0.078125,"vx":0,"vy":0,"vw":43.56999206542969,"vh":40},"67":{"u":0.4254882037639618,"v":0.46875,"w":0.08509764075279236,"h":0.078125,"vx":0,"vy":0,"vw":43.56999206542969,"vh":40},"68":{"u":0.5105858445167542,"v":0.46875,"w":0.08509764075279236,"h":0.078125,"vx":0,"vy":0,"vw":43.56999206542969,"vh":40},"69":{"u":0.5956834852695465,"v":0.46875,"w":0.08509764075279236,"h":0.078125,"vx":0,"vy":0,"vw":43.56999206542969,"vh":40},"70":{"u":0.6807811260223389,"v":0.46875,"w":0.08509764075279236,"h":0.078125,"vx":0,"vy":0,"vw":43.56999206542969,"vh":40},"71":{"u":0.7658787667751312,"v":0.46875,"w":0.08509764075279236,"h":0.078125,"vx":0,"vy":0,"vw":43.56999206542969,"vh":40},"72":{"u":0.8509764075279236,"v":0.46875,"w":0.08509764075279236,"h":0.078125,"vx":0,"vy":0,"vw":43.56999206542969,"vh":40},"73":{"u":0,"v":0.546875,"w":0.08509764075279236,"h":0.078125,"vx":0,"vy":0,"vw":43.56999206542969,"vh":40},"74":{"u":0.08509764075279236,"v":0.546875,"w":0.08509764075279236,"h":0.078125,"vx":0,"vy":0,"vw":43.56999206542969,"vh":40},"75":{"u":0.17019528150558472,"v":0.546875,"w":0.08509764075279236,"h":0.078125,"vx":0,"vy":0,"vw":43.56999206542969,"vh":40},"76":{"u":0.2552929222583771,"v":0.546875,"w":0.08509764075279236,"h":0.078125,"vx":0,"vy":0,"vw":43.56999206542969,"vh":40},"77":{"u":0.34039056301116943,"v":0.546875,"w":0.08509764075279236,"h":0.078125,"vx":0,"vy":0,"vw":43.56999206542969,"vh":40},"78":{"u":0.4254882037639618,"v":0.546875,"w":0.08509764075279236,"h":0.078125,"vx":0,"vy":0,"vw":43.56999206542969,"vh":40},"79":{"u":0.5105858445167542,"v":0.546875,"w":0.08509764075279236,"h":0.078125,"vx":0,"vy":0,"vw":43.56999206542969,"vh":40},"80":{"u":0.5956834852695465,"v":0.546875,"w":0.08509764075279236,"h":0.078125,"vx":0,"vy":0,"vw":43.56999206542969,"vh":40},"81":{"u":0.6807811260223389,"v":0.546875,"w":0.08509764075279236,"h":0.078125,"vx":0,"vy":0,"vw":43.56999206542969,"vh":40},"82":{"u":0.7658787667751312,"v":0.546875,"w":0.08509764075279236,"h":0.078125,"vx":0,"vy":0,"vw":43.56999206542969,"vh":40},"83":{"u":0.8509764075279236,"v":0.546875,"w":0.08509764075279236,"h":0.078125,"vx":0,"vy":0,"vw":43.56999206542969,"vh":40},"84":{"u":0,"v":0.625,"w":0.08509764075279236,"h":0.078125,"vx":0,"vy":0,"vw":43.56999206542969,"vh":40},"85":{"u":0.08509764075279236,"v":0.625,"w":0.08509764075279236,"h":0.078125,"vx":0,"vy":0,"vw":43.56999206542969,"vh":40},"86":{"u":0.17019528150558472,"v":0.625,"w":0.08509764075279236,"h":0.078125,"vx":0,"vy":0,"vw":43.56999206542969,"vh":40},"87":{"u":0.2552929222583771,"v":0.625,"w":0.08509764075279236,"h":0.078125,"vx":0,"vy":0,"vw":43.56999206542969,"vh":40},"88":{"u":0.34039056301116943,"v":0.625,"w":0.08509764075279236,"h":0.078125,"vx":0,"vy":0,"vw":43.56999206542969,"vh":40},"89":{"u":0.4254882037639618,"v":0.625,"w":0.08509764075279236,"h":0.078125,"vx":0,"vy":0,"vw":43.56999206542969,"vh":40},"90":{"u":0.5105858445167542,"v":0.625,"w":0.08509764075279236,"h":0.078125,"vx":0,"vy":0,"vw":43.56999206542969,"vh":40},"91":{"u":0.5105858445167542,"v":0.15625,"w":0.08509764075279236,"h":0.078125,"vx":0,"vy":0,"vw":43.56999206542969,"vh":40},"92":{"u":0.34039056301116943,"v":0.078125,"w":0.08509764075279236,"h":0.078125,"vx":0,"vy":0,"vw":43.56999206542969,"vh":40},"93":{"u":0.5956834852695465,"v":0.15625,"w":0.08509764075279236,"h":0.078125,"vx":0,"vy":0,"vw":43.56999206542969,"vh":40},"94":{"u":0.7658787667751312,"v":0.15625,"w":0.08509764075279236,"h":0.078125,"vx":0,"vy":0,"vw":43.56999206542969,"vh":40},"95":{"u":0.8509764075279236,"v":0.15625,"w":0.08509764075279236,"h":0.078125,"vx":0,"vy":0,"vw":43.56999206542969,"vh":40},"96":{"u":0.2552929222583771,"v":0.15625,"w":0.08509764075279236,"h":0.078125,"vx":0,"vy":0,"vw":43.56999206542969,"vh":40},"97":{"u":0.8509764075279236,"v":0.234375,"w":0.08509764075279236,