{"32":{"u":0.001953125,"v":0,"w":0.027456283569335938,"h":0.09765625,"vx":0,"vy":0,"vw":14.0576171875,"vh":50},"33":{"u":0.03136253356933594,"v":0,"w":0.03489971160888672,"h":0.09765625,"vx":0,"vy":0,"vw":17.86865234375,"vh":50},"34":{"u":0.06821537017822266,"v":0,"w":0.05512714385986328,"h":0.09765625,"vx":0,"vy":0,"vw":28.22509765625,"vh":50},"35":{"u":0.12529563903808594,"v":0,"w":0.06647586822509766,"h":0.09765625,"vx":0,"vy":0,"vw":34.03564453125,"vh":50},"36":{"u":0.1937246322631836,"v":0,"w":0.06794452667236328,"h":0.09765625,"vx":0,"vy":0,"vw":34.78759765625,"vh":50},"37":{"u":0.2636222839355469,"v":0,"w":0.08960723876953125,"h":0.09765625,"vx":0,"vy":0,"vw":45.87890625,"vh":50},"38":{"u":0.3551826477050781,"v":0,"w":0.06537437438964844,"h":0.09765625,"vx":0,"vy":0,"vw":33.4716796875,"vh":50},"39":{"u":0.42251014709472656,"v":0,"w":0.035567283630371094,"h":0.09765625,"vx":0,"vy":0,"vw":18.21044921875,"vh":50},"40":{"u":0.46003055572509766,"v":0,"w":0.04240989685058594,"h":0.09765625,"vx":0,"vy":0,"vw":21.7138671875,"vh":50},"41":{"u":0.5043935775756836,"v":0,"w":0.04240989685058594,"h":0.09765625,"vx":0,"vy":0,"vw":21.7138671875,"vh":50},"42":{"u":0.5487565994262695,"v":0,"w":0.0562286376953125,"h":0.09765625,"vx":0,"vy":0,"vw":28.7890625,"vh":50},"43":{"u":0.606938362121582,"v":0,"w":0.05779743194580078,"h":0.09765625,"vx":0,"vy":0,"vw":29.59228515625,"vh":50},"44":{"u":0.6666889190673828,"v":0,"w":0.034332275390625,"h":0.09765625,"vx":0,"vy":0,"vw":17.578125,"vh":50},"45":{"u":0.7392597198486328,"v":0,"w":0.05165576934814453,"h":0.09765625,"vx":0,"vy":0,"vw":26.44775390625,"vh":50},"46":{"u":0.7029743194580078,"v":0,"w":0.034332275390625,"h":0.09765625,"vx":0,"vy":0,"vw":17.578125,"vh":50},"47":{"u":0.8645715713500977,"v":0,"w":0.03466606140136719,"h":0.09765625,"vx":0,"vy":0,"vw":17.7490234375,"vh":50},"48":{"u":0.7027406692504883,"v":0.09765625,"w":0.059800148010253906,"h":0.09765625,"vx":0,"vy":0,"vw":30.61767578125,"vh":50},"49":{"u":0.7644939422607422,"v":0.09765625,"w":0.04871845245361328,"h":0.09765625,"vx":0,"vy":0,"vw":24.94384765625,"vh":50},"50":{"u":0.8151655197143555,"v":0.09765625,"w":0.05863189697265625,"h":0.09765625,"vx":0,"vy":0,"vw":30.01953125,"vh":50},"51":{"u":0.8757505416870117,"v":0.09765625,"w":0.05966663360595703,"h":0.09765625,"vx":0,"vy":0,"vw":30.54931640625,"vh":50},"52":{"u":0.9373703002929688,"v":0.09765625,"w":0.0562286376953125,"h":0.09765625,"vx":0,"vy":0,"vw":28.7890625,"vh":50},"53":{"u":0.001953125,"v":0.1953125,"w":0.05976676940917969,"h":0.09765625,"vx":0,"vy":0,"vw":30.6005859375,"vh":50},"54":{"u":0.06367301940917969,"v":0.1953125,"w":0.059800148010253906,"h":0.09765625,"vx":0,"vy":0,"vw":30.61767578125,"vh":50},"55":{"u":0.1254262924194336,"v":0.1953125,"w":0.053124427795410156,"h":0.09765625,"vx":0,"vy":0,"vw":27.19970703125,"vh":50},"56":{"u":0.18050384521484375,"v":0.1953125,"w":0.061202049255371094,"h":0.09765625,"vx":0,"vy":0,"vw":31.33544921875,"vh":50},"57":{"u":0.24365901947021484,"v":0.1953125,"w":0.059800148010253906,"h":0.09765625,"vx":0,"vy":0,"vw":30.61767578125,"vh":50},"58":{"u":0.9011907577514648,"v":0,"w":0.034332275390625,"h":0.09765625,"vx":0,"vy":0,"vw":17.578125,"vh":50},"59":{"u":0.9374761581420898,"v":0,"w":0.034332275390625,"h":0.09765625,"vx":0,"vy":0,"vw":17.578125,"vh":50},"60":{"u":0.001953125,"v":0.09765625,"w":0.05779743194580078,"h":0.09765625,"vx":0,"vy":0,"vw":29.59228515625,"vh":50},"61":{"u":0.06170368194580078,"v":0.09765625,"w":0.05779743194580078,"h":0.09765625,"vx":0,"vy":0,"vw":29.59228515625,"vh":50},"62":{"u":0.12145423889160156,"v":0.09765625,"w":0.05779743194580078,"h":0.09765625,"vx":0,"vy":0,"vw":29.59228515625,"vh":50},"63":{"u":0.18120479583740234,"v":0.09765625,"w":0.05672931671142578,"h":0.09765625,"vx":0,"vy":0,"vw":29.04541015625,"vh":50},"64":{"u":0.23988723754882812,"v":0.09765625,"w":0.06267070770263672,"h":0.09765625,"vx":0,"vy":0,"vw":32.08740234375,"vh":50},"65":{"u":0.7176609039306641,"v":0.29296875,"w":0.059833526611328125,"h":0.09765625,"vx":0,"vy":0,"vw":30.634765625,"vh":50},"66":{"u":0.7794475555419922,"v":0.29296875,"w":0.05966663360595703,"h":0.09765625,"vx":0,"vy":0,"vw":30.54931640625,"vh":50},"67":{"u":0.8410673141479492,"v":0.29296875,"w":0.057830810546875,"h":0.09765625,"vx":0,"vy":0,"vw":29.609375,"vh":50},"68":{"u":0.9008512496948242,"v":0.29296875,"w":0.05936622619628906,"h":0.09765625,"vx":0,"vy":0,"vw":30.3955078125,"vh":50},"69":{"u":0.001953125,"v":0.390625,"w":0.05699634552001953,"h":0.09765625,"vx":0,"vy":0,"vw":29.18212890625,"vh":50},"70":{"u":0.06090259552001953,"v":0.390625,"w":0.05412578582763672,"h":0.09765625,"vx":0,"vy":0,"vw":27.71240234375,"vh":50},"71":{"u":0.11698150634765625,"v":0.390625,"w":0.05966663360595703,"h":0.09765625,"vx":0,"vy":0,"vw":30.54931640625,"vh":50},"72":{"u":0.17860126495361328,"v":0.390625,"w":0.060367584228515625,"h":0.09765625,"vx":0,"vy":0,"vw":30.908203125,"vh":50},"73":{"u":0.2409219741821289,"v":0.390625,"w":0.03987312316894531,"h":0.09765625,"vx":0,"vy":0,"vw":20.4150390625,"vh":50},"74":{"u":0.2827482223510742,"v":0.390625,"w":0.05546092987060547,"h":0.09765625,"vx":0,"vy":0,"vw":28.39599609375,"vh":50},"75":{"u":0.3401622772216797,"v":0.390625,"w":0.05549430847167969,"h":0.09765625,"vx":0,"vy":0,"vw":28.4130859375,"vh":50},"76":{"u":0.3976097106933594,"v":0.390625,"w":0.052056312561035156,"h":0.09765625,"vx":0,"vy":0,"vw":26.65283203125,"vh":50},"77":{"u":0.45161914825439453,"v":0.390625,"w":0.07144927978515625,"h":0.09765625,"vx":0,"vy":0,"vw":36.58203125,"vh":50},"78":{"u":0.5250215530395508,"v":0.390625,"w":0.060100555419921875,"h":0.09765625,"vx":0,"vy":0,"vw":30.771484375,"vh":50},"79":{"u":0.5870752334594727,"v":0.390625,"w":0.05859851837158203,"h":0.09765625,"vx":0,"vy":0,"vw":30.00244140625,"vh":50},"80":{"u":0.6476268768310547,"v":0.390625,"w":0.05843162536621094,"h":0.09765625,"vx":0,"vy":0,"vw":29.9169921875,"vh":50},"81":{"u":0.7080116271972656,"v":0.390625,"w":0.059065818786621094,"h":0.09765625,"vx":0,"vy":0,"vw":30.24169921875,"vh":50},"82":{"u":0.7690305709838867,"v":0.390625,"w":0.05936622619628906,"h":0.09765625,"vx":0,"vy":0,"vw":30.3955078125,"vh":50},"83":{"u":0.8303499221801758,"v":0.390625,"w":0.059065818786621094,"h":0.09765625,"vx":0,"vy":0,"vw":30.24169921875,"vh":50},"84":{"u":0.8913688659667969,"v":0.390625,"w":0.05168914794921875,"h":0.09765625,"vx":0,"vy":0,"vw":26.46484375,"vh":50},"85":{"u":0.001953125,"v":0.48828125,"w":0.05966663360595703,"h":0.09765625,"vx":0,"vy":0,"vw":30.54931640625,"vh":50},"86":{"u":0.06357288360595703,"v":0.48828125,"w":0.055527687072753906,"h":0.09765625,"vx":0,"vy":0,"vw":28.43017578125,"vh":50},"87":{"u":0.12105369567871094,"v":0.48828125,"w":0.07411956787109375,"h":0.09765625,"vx":0,"vy":0,"vw":37.94921875,"vh":50},"88":{"u":0.1971263885498047,"v":0.48828125,"w":0.05455970764160156,"h":0.09765625,"vx":0,"vy":0,"vw":27.9345703125,"vh":50},"89":{"u":0.25363922119140625,"v":0.48828125,"w":0.05305767059326172,"h":0.09765625,"vx":0,"vy":0,"vw":27.16552734375,"vh":50},"90":{"u":0.30865001678466797,"v":0.48828125,"w":0.05218982696533203,"h":0.09765625,"vx":0,"vy":0,"vw":26.72119140625,"vh":50},"91":{"u":0.4416055679321289,"v":0.09765625,"w":0.04240989685058594,"h":0.09765625,"vx":0,"vy":0,"vw":21.7138671875,"vh":50},"92":{"u":0.7928686141967773,"v":0,"w":0.03466606140136719,"h":0.09765625,"vx":0,"vy":0,"vw":17.7490234375,"vh":50},"93":{"u":0.48596858978271484,"v":0.09765625,"w":0.04240989685058594,"h":0.09765625,"vx":0,"vy":0,"vw":21.7138671875,"vh":50},"94":{"u":0.5918178558349609,"v":0.09765625,"w":0.05282402038574219,"h":0.09765625,"vx":0,"vy":0,"vw":27.0458984375,"vh":50},"95":{"u":0.6465950012207031,"v":0.09765625,"w":0.054192543029785156,"h":0.09765625,"vx":0,"vy":0,"vw":27.74658203125,"vh":50},"96":{"u":0.30451107025146484,"v":0.09765625,"w":0.04641532897949219,"h":0.09765625,"vx":0,"vy":0,"vw":23.7646484375,"vh":50},"97":{"u":0.30541229248046875,"v":0.1953125,"w":0.054192543029785156,"h":0.09765625,"vx":0,"vy":0,