{"32":{"u":0.8940231800079346,"v":0.1640625,"w":0.08940231800079346,"h":0.08203125,"vx":0,"vy":0,"vw":45.77398681640625,"vh":42},"33":{"u":0,"v":0,"w":0.08940231800079346,"h":0.08203125,"vx":0,"vy":0,"vw":45.77398681640625,"vh":42},"34":{"u":0.08940231800079346,"v":0,"w":0.08940231800079346,"h":0.08203125,"vx":0,"vy":0,"vw":45.77398681640625,"vh":42},"35":{"u":0.17880463600158691,"v":0,"w":0.08940231800079346,"h":0.08203125,"vx":0,"vy":0,"vw":45.77398681640625,"vh":42},"36":{"u":0.26820695400238037,"v":0,"w":0.08940231800079346,"h":0.08203125,"vx":0,"vy":0,"vw":45.77398681640625,"vh":42},"37":{"u":0.35760927200317383,"v":0,"w":0.08940231800079346,"h":0.08203125,"vx":0,"vy":0,"vw":45.77398681640625,"vh":42},"38":{"u":0.4470115900039673,"v":0,"w":0.08940231800079346,"h":0.08203125,"vx":0,"vy":0,"vw":45.77398681640625,"vh":42},"39":{"u":0.5364139080047607,"v":0,"w":0.08940231800079346,"h":0.08203125,"vx":0,"vy":0,"vw":45.77398681640625,"vh":42},"40":{"u":0.6258162260055542,"v":0,"w":0.08940231800079346,"h":0.08203125,"vx":0,"vy":0,"vw":45.77398681640625,"vh":42},"41":{"u":0.7152185440063477,"v":0,"w":0.08940231800079346,"h":0.08203125,"vx":0,"vy":0,"vw":45.77398681640625,"vh":42},"42":{"u":0.8046208620071411,"v":0,"w":0.08940231800079346,"h":0.08203125,"vx":0,"vy":0,"vw":45.77398681640625,"vh":42},"43":{"u":0.8940231800079346,"v":0,"w":0.08940231800079346,"h":0.08203125,"vx":0,"vy":0,"vw":45.77398681640625,"vh":42},"44":{"u":0,"v":0.08203125,"w":0.08940231800079346,"h":0.08203125,"vx":0,"vy":0,"vw":45.77398681640625,"vh":42},"45":{"u":0.17880463600158691,"v":0.08203125,"w":0.08940231800079346,"h":0.08203125,"vx":0,"vy":0,"vw":45.77398681640625,"vh":42},"46":{"u":0.08940231800079346,"v":0.08203125,"w":0.08940231800079346,"h":0.08203125,"vx":0,"vy":0,"vw":45.77398681640625,"vh":42},"47":{"u":0.4470115900039673,"v":0.08203125,"w":0.08940231800079346,"h":0.08203125,"vx":0,"vy":0,"vw":45.77398681640625,"vh":42},"48":{"u":0,"v":0.24609375,"w":0.08940231800079346,"h":0.08203125,"vx":0,"vy":0,"vw":45.77398681640625,"vh":42},"49":{"u":0.08940231800079346,"v":0.24609375,"w":0.08940231800079346,"h":0.08203125,"vx":0,"vy":0,"vw":45.77398681640625,"vh":42},"50":{"u":0.17880463600158691,"v":0.24609375,"w":0.08940231800079346,"h":0.08203125,"vx":0,"vy":0,"vw":45.77398681640625,"vh":42},"51":{"u":0.26820695400238037,"v":0.24609375,"w":0.08940231800079346,"h":0.08203125,"vx":0,"vy":0,"vw":45.77398681640625,"vh":42},"52":{"u":0.35760927200317383,"v":0.24609375,"w":0.08940231800079346,"h":0.08203125,"vx":0,"vy":0,"vw":45.77398681640625,"vh":42},"53":{"u":0.4470115900039673,"v":0.24609375,"w":0.08940231800079346,"h":0.08203125,"vx":0,"vy":0,"vw":45.77398681640625,"vh":42},"54":{"u":0.5364139080047607,"v":0.24609375,"w":0.08940231800079346,"h":0.08203125,"vx":0,"vy":0,"vw":45.77398681640625,"vh":42},"55":{"u":0.6258162260055542,"v":0.24609375,"w":0.08940231800079346,"h":0.08203125,"vx":0,"vy":0,"vw":45.77398681640625,"vh":42},"56":{"u":0.7152185440063477,"v":0.24609375,"w":0.08940231800079346,"h":0.08203125,"vx":0,"vy":0,"vw":45.77398681640625,"vh":42},"57":{"u":0.8046208620071411,"v":0.24609375,"w":0.08940231800079346,"h":0.08203125,"vx":0,"vy":0,"vw":45.77398681640625,"vh":42},"58":{"u":0.5364139080047607,"v":0.08203125,"w":0.08940231800079346,"h":0.08203125,"vx":0,"vy":0,"vw":45.77398681640625,"vh":42},"59":{"u":0.6258162260055542,"v":0.08203125,"w":0.08940231800079346,"h":0.08203125,"vx":0,"vy":0,"vw":45.77398681640625,"vh":42},"60":{"u":0.7152185440063477,"v":0.08203125,"w":0.08940231800079346,"h":0.08203125,"vx":0,"vy":0,"vw":45.77398681640625,"vh":42},"61":{"u":0.8046208620071411,"v":0.08203125,"w":0.08940231800079346,"h":0.08203125,"vx":0,"vy":0,"vw":45.77398681640625,"vh":42},"62":{"u":0.8940231800079346,"v":0.08203125,"w":0.08940231800079346,"h":0.08203125,"vx":0,"vy":0,"vw":45.77398681640625,"vh":42},"63":{"u":0,"v":0.1640625,"w":0.08940231800079346,"h":0.08203125,"vx":0,"vy":0,"vw":45.77398681640625,"vh":42},"64":{"u":0.08940231800079346,"v":0.1640625,"w":0.08940231800079346,"h":0.08203125,"vx":0,"vy":0,"vw":45.77398681640625,"vh":42},"65":{"u":0.26820695400238037,"v":0.4921875,"w":0.08940231800079346,"h":0.08203125,"vx":0,"vy":0,"vw":45.77398681640625,"vh":42},"66":{"u":0.35760927200317383,"v":0.4921875,"w":0.08940231800079346,"h":0.08203125,"vx":0,"vy":0,"vw":45.77398681640625,"vh":42},"67":{"u":0.4470115900039673,"v":0.4921875,"w":0.08940231800079346,"h":0.08203125,"vx":0,"vy":0,"vw":45.77398681640625,"vh":42},"68":{"u":0.5364139080047607,"v":0.4921875,"w":0.08940231800079346,"h":0.08203125,"vx":0,"vy":0,"vw":45.77398681640625,"vh":42},"69":{"u":0.6258162260055542,"v":0.4921875,"w":0.08940231800079346,"h":0.08203125,"vx":0,"vy":0,"vw":45.77398681640625,"vh":42},"70":{"u":0.7152185440063477,"v":0.4921875,"w":0.08940231800079346,"h":0.08203125,"vx":0,"vy":0,"vw":45.77398681640625,"vh":42},"71":{"u":0.8046208620071411,"v":0.4921875,"w":0.08940231800079346,"h":0.08203125,"vx":0,"vy":0,"vw":45.77398681640625,"vh":42},"72":{"u":0.8940231800079346,"v":0.4921875,"w":0.08940231800079346,"h":0.08203125,"vx":0,"vy":0,"vw":45.77398681640625,"vh":42},"73":{"u":0,"v":0.57421875,"w":0.08940231800079346,"h":0.08203125,"vx":0,"vy":0,"vw":45.77398681640625,"vh":42},"74":{"u":0.08940231800079346,"v":0.57421875,"w":0.08940231800079346,"h":0.08203125,"vx":0,"vy":0,"vw":45.77398681640625,"vh":42},"75":{"u":0.17880463600158691,"v":0.57421875,"w":0.08940231800079346,"h":0.08203125,"vx":0,"vy":0,"vw":45.77398681640625,"vh":42},"76":{"u":0.26820695400238037,"v":0.57421875,"w":0.08940231800079346,"h":0.08203125,"vx":0,"vy":0,"vw":45.77398681640625,"vh":42},"77":{"u":0.35760927200317383,"v":0.57421875,"w":0.08940231800079346,"h":0.08203125,"vx":0,"vy":0,"vw":45.77398681640625,"vh":42},"78":{"u":0.4470115900039673,"v":0.57421875,"w":0.08940231800079346,"h":0.08203125,"vx":0,"vy":0,"vw":45.77398681640625,"vh":42},"79":{"u":0.5364139080047607,"v":0.57421875,"w":0.08940231800079346,"h":0.08203125,"vx":0,"vy":0,"vw":45.77398681640625,"vh":42},"80":{"u":0.6258162260055542,"v":0.57421875,"w":0.08940231800079346,"h":0.08203125,"vx":0,"vy":0,"vw":45.77398681640625,"vh":42},"81":{"u":0.7152185440063477,"v":0.57421875,"w":0.08940231800079346,"h":0.08203125,"vx":0,"vy":0,"vw":45.77398681640625,"vh":42},"82":{"u":0.8046208620071411,"v":0.57421875,"w":0.08940231800079346,"h":0.08203125,"vx":0,"vy":0,"vw":45.77398681640625,"vh":42},"83":{"u":0.8940231800079346,"v":0.57421875,"w":0.08940231800079346,"h":0.08203125,"vx":0,"vy":0,"vw":45.77398681640625,"vh":42},"84":{"u":0,"v":0.65625,"w":0.08940231800079346,"h":0.08203125,"vx":0,"vy":0,"vw":45.77398681640625,"vh":42},"85":{"u":0.08940231800079346,"v":0.65625,"w":0.08940231800079346,"h":0.08203125,"vx":0,"vy":0,"vw":45.77398681640625,"vh":42},"86":{"u":0.17880463600158691,"v":0.65625,"w":0.08940231800079346,"h":0.08203125,"vx":0,"vy":0,"vw":45.77398681640625,"vh":42},"87":{"u":0.26820695400238037,"v":0.65625,"w":0.08940231800079346,"h":0.08203125,"vx":0,"vy":0,"vw":45.77398681640625,"vh":42},"88":{"u":0.35760927200317383,"v":0.65625,"w":0.08940231800079346,"h":0.08203125,"vx":0,"vy":0,"vw":45.77398681640625,"vh":42},"89":{"u":0.4470115900039673,"v":0.65625,"w":0.08940231800079346,"h":0.08203125,"vx":0,"vy":0,"vw":45.77398681640625,"vh":42},"90":{"u":0.5364139080047607,"v":0.65625,"w":0.08940231800079346,"h":0.08203125,"vx":0,"vy":0,"vw":45.77398681640625,"vh":42},"91":{"u":0.4470115900039673,"v":0.1640625,"w":0.08940231800079346,"h":0.08203125,"vx":0,"vy":0,"vw":45.77398681640625,"vh":42},"92":{"u":0.26820695400238037,"v":0.08203125,"w":0.08940231800079346,"h":0.08203125,"vx":0,"vy":0,"vw":45.77398681640625,"vh":42},"93":{"u":0.5364139080047607,"v":0.1640625,"w":0.08940231800079346,"h":0.08203125,"vx":0,"vy":0,"vw":45.77398681640625,"vh":42},"94":{"u":0.7152185440063477,"v":0.1640625,"w":0.08940231800079346,"h":0.08203125,"vx":0,"vy":0,"vw":45.77398681640625,"vh":42},"95":{"u":0.8046208620071411,"v":0.1640625,"w":0.08940231800079346,"h":0.08203125,